{
  "best_metric": null,
  "best_model_checkpoint": null,
  "epoch": 5.0,
  "eval_steps": 500,
  "global_step": 45,
  "is_hyper_param_search": false,
  "is_local_process_zero": true,
  "is_world_process_zero": true,
  "log_history": [
    {
      "epoch": 1.1111111111111112,
      "grad_norm": 0.21548207104206085,
      "learning_rate": 0.0003888888888888889,
      "loss": 0.0777,
      "step": 10
    },
    {
      "epoch": 2.2222222222222223,
      "grad_norm": 0.005760318599641323,
      "learning_rate": 0.0002777777777777778,
      "loss": 0.0152,
      "step": 20
    },
    {
      "epoch": 3.3333333333333335,
      "grad_norm": 0.002625606255605817,
      "learning_rate": 0.00016666666666666666,
      "loss": 0.0146,
      "step": 30
    },
    {
      "epoch": 4.444444444444445,
      "grad_norm": 0.00277966377325356,
      "learning_rate": 5.555555555555555e-05,
      "loss": 0.0146,
      "step": 40
    }
  ],
  "logging_steps": 10,
  "max_steps": 45,
  "num_input_tokens_seen": 0,
  "num_train_epochs": 5,
  "save_steps": 500,
  "stateful_callbacks": {
    "TrainerControl": {
      "args": {
        "should_epoch_stop": false,
        "should_evaluate": false,
        "should_log": false,
        "should_save": true,
        "should_training_stop": true
      },
      "attributes": {}
    }
  },
  "total_flos": 134645494579200.0,
  "train_batch_size": 1,
  "trial_name": null,
  "trial_params": null
}
